Course Code,Roll Number,Midterm,Final
MITM 311,1413,27.5,55.5
MITM 311,BSSE1201,26.0,51.0
MITM 311,BSSE1202,28.5,57.0
MITM 311,BSSE1203,21.5,43.0
MITM 311,BSSE1204,24.5,49.0
MITM 311,BSSE1205,29.0,58.0
MITM 311,BSSE1206,20.0,40.0
MITM 311,BSSE1207,26.5,52.5
MITM 311,BSSE1208,23.0,46.0
MITM 311,BSSE1209,27.0,54.0
MITM 311,BSSE1210,22.0,43.5
MITM 311,BSSE1211,29.5,58.5
MITM 311,BSSE1212,25.5,50.5
MITM 311,BSSE1213,24.0,47.5
MITM 311,BSSE1214,28.0,55.0
MITM 311,BSSE1215,23.5,46.5
MITM 311,BSSE1216,29.0,57.5
MITM 311,BSSE1217,21.0,42.0
MITM 311,BSSE1218,26.5,53.0
MITM 311,BSSE1219,22.5,44.5
MITM 311,BSSE1220,27.5,54.5
MITM 311,BSSE1221,24.0,48.0
MITM 311,BSSE1222,28.5,56.5
MITM 311,BSSE1223,21.0,41.5
MITM 311,BSSE1224,25.5,51.0
MITM 311,BSSE1225,29.5,59.0
MITM 311,BSSE1226,20.5,41.0
MITM 311,BSSE1227,28.0,56.0
MITM 311,BSSE1228,22.5,45.0
MITM 311,BSSE1229,26.0,52.0
MITM 311,BSSE1230,24.5,49.0
MITM 311,BSSE1231,28.5,57.0
MITM 311,BSSE1232,23.0,45.5
MITM 311,BSSE1233,27.0,53.5
MITM 311,BSSE1234,26.0,51.5
MITM 311,BSSE1235,21.5,42.5
MITM 311,BSSE1236,29.0,58.0
MITM 311,BSSE1237,24.0,47.5
MITM 311,BSSE1238,25.5,50.0
MITM 311,BSSE1239,23.5,46.5
