Roll Number,Midterm,Final
1413,20.0,40.0
BSSE1201,21.0,41.0
BSSE1202,22.0,42.0
BSSE1203,23.0,43.0
BSSE1204,24.0,44.0
BSSE1205,25.0,45.0
BSSE1206,26.0,46.0
BSSE1207,27.0,47.0
BSSE1208,28.0,48.0
BSSE1209,29.0,49.0
BSSE1210,20.0,50.0
BSSE1211,21.0,51.0
BSSE1212,22.0,52.0
BSSE1213,23.0,53.0
BSSE1214,24.0,54.0
BSSE1215,25.0,55.0
BSSE1216,26.0,56.0
BSSE1217,27.0,57.0
BSSE1218,28.0,58.0
BSSE1219,29.0,59.0
BSSE1220,20.0,40.0
BSSE1221,21.0,41.0
BSSE1222,22.0,42.0
BSSE1223,23.0,43.0
BSSE1224,24.0,44.0
BSSE1225,25.0,45.0
BSSE1226,26.0,46.0
BSSE1227,27.0,47.0
BSSE1228,28.0,48.0
BSSE1229,29.0,49.0
BSSE1230,20.0,50.0
BSSE1231,21.0,51.0
BSSE1232,22.0,52.0
BSSE1233,23.0,53.0
BSSE1234,24.0,44.0
BSSE1235,25.0,45.0
BSSE1236,26.0,46.0
BSSE1237,27.0,47.0
BSSE1238,28.0,48.0
BSSE1239,29.0,49.0
